20191216,133358743,1312105,4,1.6074901,G4Alcatraz,360Video,ERP,7680,3840,10s,29.97fps,crf10,226786k,8bit,H265
20191216,133447288,1360651,5,0.9594416,G4Alcatraz,360Video,ERP,7680,3840,10s,29.97fps,QP22,85273k,8bit,H265
20191216,133459933,1373295,5,1.2325688,G4Alcatraz,360Video,ERP,7680,3840,10s,29.97fps,QP27,47302k,8bit,H265
20191216,132845629,998991,4,1.4804103,G4Alcatraz,360Video,ERP,7680,3840,10s,29.97fps,QP32,24887k,8bit,H265
20191216,132956334,1069696,4,2.8451209,G4Alcatraz,360Video,ERP,7680,3840,10s,29.97fps,QP37,12663k,8bit,H265
20191216,133053028,1126390,2,0.6847435,G4Alcatraz,360Video,ERP,7680,3840,10s,29.97fps,QP42,5943k,8bit,H265
20191216,132747971,941333,3,1.590637,G4Alcatraz,360Video,ERP,6144,3072,10s,29.97fps,crf10,184095k,8bit,H265
20191216,133019133,1092495,5,0.9420499,G4Alcatraz,360Video,ERP,6144,3072,10s,29.97fps,QP22,63626k,8bit,H265
20191216,132525622,798984,4,0.9320069,G4Alcatraz,360Video,ERP,6144,3072,10s,29.97fps,QP27,34200k,8bit,H265
20191216,132648882,882244,5,0.7924421,G4Alcatraz,360Video,ERP,6144,3072,10s,29.97fps,QP32,17993k,8bit,H265
20191216,133511056,1384418,3,0.8581399,G4Alcatraz,360Video,ERP,6144,3072,10s,29.97fps,QP37,9157k,8bit,H265
20191216,132438551,751913,2,2.284751,G4Alcatraz,360Video,ERP,6144,3072,10s,29.97fps,QP42,4179k,8bit,H265
20191216,132700521,893883,5,0.9449731,G4Alcatraz,360Video,ERP,4096,2048,10s,29.97fps,crf10,100813k,8bit,H265
20191216,133211535,1204897,4,0.8816276,G4Alcatraz,360Video,ERP,4096,2048,10s,29.97fps,QP22,35367k,8bit,H265
20191216,133007886,1081248,4,1.4182077,G4Alcatraz,360Video,ERP,4096,2048,10s,29.97fps,QP27,19339k,8bit,H265
20191216,133434968,1348330,3,1.0832816,G4Alcatraz,360Video,ERP,4096,2048,10s,29.97fps,QP32,10134k,8bit,H265
20191216,133148838,1182201,2,0.944611,G4Alcatraz,360Video,ERP,4096,2048,10s,29.97fps,QP37,4943k,8bit,H265
20191216,132603085,836447,2,2.6101312,G4Alcatraz,360Video,ERP,4096,2048,10s,29.97fps,QP42,2081k,8bit,H265
20191216,133235997,1229359,4,1.0361703,G4Alcatraz,360Video,ERP,3600,1800,10s,29.97fps,crf10,82617k,8bit,H265
20191216,133246988,1240350,4,0.8803212,G4Alcatraz,360Video,ERP,3600,1800,10s,29.97fps,QP22,29210k,8bit,H265
20191216,132908583,1021946,4,1.1826096,G4Alcatraz,360Video,ERP,3600,1800,10s,29.97fps,QP27,16033k,8bit,H265
20191216,132735516,928878,3,1.6776102,G4Alcatraz,360Video,ERP,3600,1800,10s,29.97fps,QP32,8356k,8bit,H265
20191216,133258057,1251419,2,0.9680524,G4Alcatraz,360Video,ERP,3600,1800,10s,29.97fps,QP37,4007k,8bit,H265
20191216,133126420,1159782,1,0.9233488,G4Alcatraz,360Video,ERP,3600,1800,10s,29.97fps,QP42,1641k,8bit,H265
20191216,132832772,986135,2,0.8402765,G4Alcatraz,360Video,ERP,2048,1024,10s,29.97fps,crf10,31544k,8bit,H265
20191216,132810265,963627,2,1.2140066,G4Alcatraz,360Video,ERP,2048,1024,10s,29.97fps,QP22,11608k,8bit,H265
20191216,132626051,859413,3,0.9194036,G4Alcatraz,360Video,ERP,2048,1024,10s,29.97fps,QP27,6386k,8bit,H265
20191216,132615082,848444,2,1.9374354,G4Alcatraz,360Video,ERP,2048,1024,10s,29.97fps,QP32,3200k,8bit,H265
20191216,132637812,871174,2,1.7190364,G4Alcatraz,360Video,ERP,2048,1024,10s,29.97fps,QP37,1421k,8bit,H265
20191216,132501998,775360,2,1.7148067,G4Alcatraz,360Video,ERP,2048,1024,10s,29.97fps,QP42,518k,8bit,H265